Sample	Primer	Species	Similarity	NumSequences
0001-PS1	coirawkv	arthropoda_Bicyclus_sealeae	99.6	1
0001-PS1	coirawkv	arthropoda_Ceratosolen_jucundus	100.0	1
0001-PS1	coirawkv	arthropoda_Eucereon_consorta	100.0	1
0001-PS1	coirawkv	arthropoda_Gesta_invisus	100.0	1
0001-PS1	coirawkv	arthropoda_Nesticella_nepalensis	100.0	2
0001-PS1	coirawkv	arthropoda_Nirvanopsis_susah	99.4	2
0001-PS1	coirawkv	arthropoda_Pygovepres_vaccinicola	100.0	1
0001-PS1	coirawkv	arthropoda_Utetheisa_ornatrix	100.0	1
0001-PS1	coirawkv	chordata_Castor_canadensis	100.0	4
0001-PS1	coirawkv	chordata_Couesius_plumbeus	100.0	26
0001-PS1	coirawkv	chordata_Couesius_plumbeus	99.3	2
0001-PS1	coirawkv	chordata_Couesius_plumbeus	99.5	3
0001-PS1	coirawkv	chordata_Ondatra_zibethicus	100.0	1
0001-PS1	coirawkv	chordata_Semotilus_atromaculatus	99.5	1
0002-PS1	coirawkv	arthropoda_Daimio_tethys	100.0	1
0002-PS1	coirawkv	arthropoda_Phauloppia_boletorum	100.0	1
0002-PS1	coirawkv	arthropoda_Siphlonurus_alternatus	100.0	3
0002-PS1	coirawkv	arthropoda_Xanthoperla_apicalis	100.0	6
0002-PS1	coirawkv	chordata_Castor_canadensis	100.0	11
0002-PS1	coirawkv	chordata_Castor_canadensis	99.5	2
0002-PS1	coirawkv	chordata_Catostomus_catostomus	100.0	1
0002-PS1	coirawkv	chordata_Couesius_plumbeus	100.0	14
0002-PS1	coirawkv	chordata_Lota_lota	100.0	5
0002-PS1	coirawkv	chordata_Lota_lota	99.0	1
0002-PS1	coirawkv	chordata_Percopsis_omiscomaycus	100.0	1
0002-PS1	coirawkv	chordata_Typhlonarke_aysoni	100.0	2
0003-PS1	coirawkv	arthropoda_Ampedus_evansi	100.0	2
0003-PS1	coirawkv	arthropoda_Ceratosolen_jucundus	100.0	1
0003-PS1	coirawkv	arthropoda_Gesta_invisus	100.0	1
0003-PS1	coirawkv	arthropoda_Sarangesa_bouvieri	97.7	2
0003-PS1	coirawkv	arthropoda_Siphonoperla_montana	100.0	1
0003-PS1	coirawkv	arthropoda_Utetheisa_ornatrix	100.0	3
0003-PS1	coirawkv	chordata_Canis_adustus	100.0	2
0003-PS1	coirawkv	chordata_Capra_hircus	100.0	1
0003-PS1	coirawkv	chordata_Castor_canadensis	100.0	61
0003-PS1	coirawkv	chordata_Castor_canadensis	99.5	9
0003-PS1	coirawkv	chordata_Couesius_plumbeus	100.0	203
0003-PS1	coirawkv	chordata_Couesius_plumbeus	99.0	1
0003-PS1	coirawkv	chordata_Couesius_plumbeus	99.4	1
0003-PS1	coirawkv	chordata_Couesius_plumbeus	99.5	22
0003-PS1	coirawkv	chordata_Culaea_inconstans	100.0	15
0003-PS1	coirawkv	chordata_Culaea_inconstans	98.5	1
0003-PS1	coirawkv	chordata_Culaea_inconstans	99.5	2
0003-PS1	coirawkv	chordata_Melospiza_georgiana	99.5	1
0003-PS1	coirawkv	chordata_Mobula_rochebrunei	100.0	1
0003-PS1	coirawkv	chordata_Ondatra_zibethicus	99.5	1
0003-PS1	coirawkv	chordata_Pimephales_promelas	100.0	15
0003-PS1	coirawkv	chordata_Pimephales_promelas	99.5	3
0004-PS1	coirawkv	arthropoda_Callibaetis_ferrugineus	99.5	1
0004-PS1	coirawkv	arthropoda_Chironomus_heteropilicornis	99.0	1
0004-PS1	coirawkv	arthropoda_Parochlus_kiefferi	100.0	1
0004-PS1	coirawkv	arthropoda_Procloeon_pennulatum	100.0	2
0004-PS1	coirawkv	arthropoda_Prosoeca_torquata	98.7	2
0004-PS1	coirawkv	arthropoda_Siphloplecton_basale	99.5	1
0004-PS1	coirawkv	arthropoda_Theagenes_dichrous	100.0	1
0004-PS1	coirawkv	chordata_Castor_canadensis	100.0	61
0004-PS1	coirawkv	chordata_Castor_canadensis	99.5	2
0004-PS1	coirawkv	chordata_Catostomus_catostomus	100.0	1
0004-PS1	coirawkv	chordata_Catostomus_catostomus	99.5	1
0004-PS1	coirawkv	chordata_Cottus_cognatus	100.0	12
0004-PS1	coirawkv	chordata_Cottus_cognatus	99.5	3
0004-PS1	coirawkv	chordata_Couesius_plumbeus	100.0	3
0004-PS1	coirawkv	chordata_Couesius_plumbeus	99.0	1
0004-PS1	coirawkv	chordata_Couesius_plumbeus	99.5	1
0004-PS1	coirawkv	chordata_Culaea_inconstans	100.0	5
0004-PS1	coirawkv	chordata_Culaea_inconstans	99.5	1
0004-PS1	coirawkv	chordata_Lota_lota	100.0	6
0004-PS1	coirawkv	chordata_Lota_lota	99.5	2
0004-PS1	coirawkv	chordata_Ondatra_zibethicus	100.0	1
0004-PS1	coirawkv	chordata_Ondatra_zibethicus	99.5	1
0004-PS1	coirawkv	mollusca_Bathymodiolus_azoricus	100.0	1
0005-PS1	coirawkv	arthropoda_Caligo_illioneus	100.0	1
0005-PS1	coirawkv	arthropoda_Callibaetis_ferrugineus	99.5	3
0005-PS1	coirawkv	arthropoda_Phauloppia_boletorum	100.0	3
0005-PS1	coirawkv	arthropoda_Phauloppia_boletorum	99.5	1
0005-PS1	coirawkv	arthropoda_Siphonoperla_torrentium	97.6	3
0005-PS1	coirawkv	chordata_Canis_adustus	100.0	3
0005-PS1	coirawkv	chordata_Castor_canadensis	100.0	32
0005-PS1	coirawkv	chordata_Castor_canadensis	99.5	3
0005-PS1	coirawkv	chordata_Catostomus_catostomus	100.0	15
0005-PS1	coirawkv	chordata_Couesius_plumbeus	100.0	208
0005-PS1	coirawkv	chordata_Couesius_plumbeus	99.0	1
0005-PS1	coirawkv	chordata_Couesius_plumbeus	99.5	8
0005-PS1	coirawkv	chordata_Lota_lota	100.0	1
0005-PS1	coirawkv	chordata_Rhinichthys_cataractae	100.0	1
0005-PS1	coirawkv	chordata_Rubrisciurus_rubriventer	100.0	1
0006-PS1	coirawkv	arthropoda_Chloroperla_susemicheli	100.0	1
0006-PS1	coirawkv	arthropoda_Gesta_invisus	100.0	1
0006-PS1	coirawkv	arthropoda_Microtendipes_pedellus	100.0	3
0006-PS1	coirawkv	arthropoda_Siphloplecton_basale	100.0	1
0006-PS1	coirawkv	arthropoda_Theagenes_dichrous	100.0	1
0006-PS1	coirawkv	chordata_Castor_canadensis	100.0	14
0006-PS1	coirawkv	chordata_Castor_canadensis	99.5	2
0006-PS1	coirawkv	chordata_Couesius_plumbeus	100.0	4
0006-PS1	coirawkv	chordata_Myotis_septentrionalis	97.7	2
0006-PS1	coirawkv	chordata_Pimephales_notatus	100.0	1
0007-PS1	coirawkv	arthropoda_Chloroperla_tripunctata	100.0	1
0007-PS1	coirawkv	arthropoda_Prosoeca_torquata	98.7	1
0007-PS1	coirawkv	arthropoda_Suniana_sunias	99.2	1
0007-PS1	coirawkv	chordata_Castor_canadensis	100.0	29
0007-PS1	coirawkv	chordata_Castor_canadensis	99.5	3
0007-PS1	coirawkv	chordata_Catostomus_catostomus	100.0	3
0007-PS1	coirawkv	chordata_Couesius_plumbeus	100.0	12
0007-PS1	coirawkv	chordata_Ondatra_zibethicus	100.0	2
0007-PS1	coirawkv	chordata_Percopsis_omiscomaycus	100.0	9
0007-PS1	coirawkv	chordata_Percopsis_omiscomaycus	99.0	2
0007-PS1	coirawkv	chordata_Percopsis_omiscomaycus	99.5	1
0007-PS1	coirawkv	chordata_Rhinichthys_cataractae	100.0	5
0007-PS1	coirawkv	chordata_Rhinichthys_cataractae	99.5	1
0007-PS1	coirawkv	mollusca_Bathymodiolus_azoricus	100.0	2
0008-PS1	coirawkv	arthropoda_Leptophlebia_cupida	100.0	1
0008-PS1	coirawkv	chordata_Castor_canadensis	100.0	4
0008-PS1	coirawkv	chordata_Catostomus_catostomus	100.0	2
0008-PS1	coirawkv	chordata_Couesius_plumbeus	100.0	13
0008-PS1	coirawkv	chordata_Couesius_plumbeus	99.0	1
0008-PS1	coirawkv	chordata_Couesius_plumbeus	99.5	1
0008-PS1	coirawkv	chordata_Lota_lota	100.0	1
0008-PS1	coirawkv	chordata_Oreochromis_niloticus	100.0	1
0008-PS1	coirawkv	chordata_Rhinichthys_cataractae	100.0	4
0009-PS1	coirawkv	arthropoda_Andronymus_evander	100.0	1
0009-PS1	coirawkv	arthropoda_Heptagenia_elegantula	100.0	1
0009-PS1	coirawkv	arthropoda_Merodon_loewi	100.0	1
0009-PS1	coirawkv	arthropoda_Phauloppia_boletorum	99.5	1
0009-PS1	coirawkv	arthropoda_Simulium_rugglesi	100.0	1
0009-PS1	coirawkv	arthropoda_Siphonoperla_torrentium	97.3	1
0009-PS1	coirawkv	arthropoda_Thienemanniella_xena	100.0	3
0009-PS1	coirawkv	chordata_Castor_canadensis	100.0	67
0009-PS1	coirawkv	chordata_Castor_canadensis	99.0	2
0009-PS1	coirawkv	chordata_Castor_canadensis	99.5	3
0009-PS1	coirawkv	chordata_Catostomus_catostomus	100.0	4
0009-PS1	coirawkv	chordata_Catostomus_catostomus	99.5	1
0009-PS1	coirawkv	chordata_Couesius_plumbeus	100.0	17
0009-PS1	coirawkv	chordata_Couesius_plumbeus	99.0	2
0009-PS1	coirawkv	chordata_Couesius_plumbeus	99.5	3
0009-PS1	coirawkv	chordata_Ondatra_zibethicus	100.0	1
0009-PS1	coirawkv	chordata_Percopsis_omiscomaycus	100.0	7
0009-PS1	coirawkv	chordata_Rhinichthys_cataractae	100.0	16
0009-PS1	coirawkv	chordata_Umbra_limi	100.0	1
0009-PS1	coirawkv	chordata_Umbra_limi	99.5	1
0010-PS1	coirawkv	arthropoda_Baetis_tricaudatus	100.0	1
0010-PS1	coirawkv	arthropoda_Caligo_illioneus	100.0	1
0010-PS1	coirawkv	arthropoda_Ceratosolen_jucundus	98.9	1
0010-PS1	coirawkv	chordata_Brotogeris_cyanoptera	100.0	1
0010-PS1	coirawkv	chordata_Castor_canadensis	100.0	78
0010-PS1	coirawkv	chordata_Castor_canadensis	99.5	4
0010-PS1	coirawkv	chordata_Catostomus_catostomus	100.0	5
0010-PS1	coirawkv	chordata_Catostomus_catostomus	99.5	2
0010-PS1	coirawkv	chordata_Catostomus_clarkii	98.5	4
0010-PS1	coirawkv	chordata_Couesius_plumbeus	100.0	12
0010-PS1	coirawkv	chordata_Couesius_plumbeus	99.5	1
0010-PS1	coirawkv	chordata_Percopsis_omiscomaycus	100.0	7
0010-PS1	coirawkv	chordata_Percopsis_omiscomaycus	99.5	2
0010-PS1	coirawkv	chordata_Rhinichthys_cataractae	100.0	7
0010-PS1	coirawkv	chordata_Rhinichthys_cataractae	99.0	1
0010-PS1	coirawkv	mollusca_Bathymodiolus_azoricus	100.0	1
0011-PS1	coirawkv	arthropoda_Siphlonurus_alternatus	100.0	1
0011-PS1	coirawkv	chordata_Castor_canadensis	100.0	43
0011-PS1	coirawkv	chordata_Castor_canadensis	99.5	3
0011-PS1	coirawkv	chordata_Catostomus_catostomus	100.0	1
0011-PS1	coirawkv	chordata_Catostomus_catostomus	99.5	1
0011-PS1	coirawkv	chordata_Couesius_plumbeus	100.0	4
0011-PS1	coirawkv	chordata_Rhinichthys_cataractae	100.0	5
0011-PS1	coirawkv	chordata_Rhinichthys_cataractae	99.5	2
0012-PS1	coirawkv	arthropoda_Poliopastea_clavipes	100.0	1
0012-PS1	coirawkv	arthropoda_Prosoeca_torquata	98.7	6
0012-PS1	coirawkv	arthropoda_Sarangesa_bouvieri	97.7	1
0012-PS1	coirawkv	arthropoda_Xanthoperla_apicalis	100.0	1
0012-PS1	coirawkv	chordata_Castor_canadensis	100.0	7
0012-PS1	coirawkv	chordata_Castor_canadensis	99.5	1
0012-PS1	coirawkv	chordata_Catostomus_catostomus	100.0	1
0012-PS1	coirawkv	chordata_Couesius_plumbeus	100.0	12
0012-PS1	coirawkv	chordata_Percopsis_omiscomaycus	99.5	1
0013-PS1	coirawkv	arthropoda_Prosoeca_torquata	98.7	1
0013-PS1	coirawkv	arthropoda_Siphonoperla_torrentium	100.0	1
0013-PS1	coirawkv	arthropoda_Theagenes_dichrous	100.0	1
0013-PS1	coirawkv	arthropoda_Utetheisa_ornatrix	100.0	1
0013-PS1	coirawkv	arthropoda_Xanthoperla_apicalis	100.0	5
0013-PS1	coirawkv	chordata_Castor_canadensis	100.0	25
0013-PS1	coirawkv	chordata_Castor_canadensis	99.5	3
0013-PS1	coirawkv	chordata_Catostomus_catostomus	100.0	4
0013-PS1	coirawkv	chordata_Couesius_plumbeus	100.0	15
0013-PS1	coirawkv	chordata_Couesius_plumbeus	99.5	2
0013-PS1	coirawkv	chordata_Eleotris_picta	100.0	1
0013-PS1	coirawkv	chordata_Lota_lota	100.0	1
0013-PS1	coirawkv	chordata_Miopithecus_ogouensis	100.0	1
0013-PS1	coirawkv	chordata_Rhinichthys_cataractae	100.0	6
0013-PS1	coirawkv	mollusca_Bathymodiolus_azoricus	100.0	5
0014-PS1	coirawkv	arthropoda_Amblyscirtes_exoteria	100.0	1
0014-PS1	coirawkv	arthropoda_Gesta_invisus	100.0	1
0014-PS1	coirawkv	arthropoda_Utetheisa_ornatrix	100.0	1
0014-PS1	coirawkv	chordata_Castor_canadensis	100.0	5
0014-PS1	coirawkv	chordata_Castor_canadensis	99.5	4
0014-PS1	coirawkv	chordata_Catostomus_catostomus	100.0	1
0014-PS1	coirawkv	chordata_Cottus_cognatus	100.0	3
0014-PS1	coirawkv	chordata_Couesius_plumbeus	100.0	2
0014-PS1	coirawkv	chordata_Couesius_plumbeus	99.5	1
0014-PS1	coirawkv	chordata_Culaea_inconstans	100.0	5
0014-PS1	coirawkv	chordata_Culaea_inconstans	99.5	1
0014-PS1	coirawkv	chordata_Esox_lucius	100.0	1
0014-PS1	coirawkv	chordata_Otocolobus_manul	100.0	1
0014-PS1	coirawkv	chordata_Percopsis_omiscomaycus	100.0	4
0015-PS1	coirawkv	arthropoda_Baetis_tricaudatus	100.0	1
0015-PS1	coirawkv	arthropoda_Micropsectra_subletteorum	100.0	23
0015-PS1	coirawkv	arthropoda_Micropsectra_subletteorum	99.5	3
0015-PS1	coirawkv	arthropoda_Pleistodontes_regalis	100.0	1
0015-PS1	coirawkv	chordata_Castor_canadensis	100.0	19
0015-PS1	coirawkv	chordata_Castor_canadensis	99.5	8
0015-PS1	coirawkv	chordata_Catostomus_catostomus	100.0	2
0015-PS1	coirawkv	chordata_Couesius_plumbeus	100.0	8
0015-PS1	coirawkv	chordata_Couesius_plumbeus	99.5	1
0015-PS1	coirawkv	chordata_Mobula_rochebrunei	100.0	1
0015-PS1	coirawkv	chordata_Percopsis_omiscomaycus	100.0	3
0015-PS1	coirawkv	chordata_Rhinichthys_cataractae	100.0	6
0016-PS1	coirawkv	arthropoda_Baetis_tricaudatus	100.0	1
0016-PS1	coirawkv	arthropoda_Baptria_tibiale	100.0	2
0016-PS1	coirawkv	arthropoda_Mycetophila_britannica	100.0	1
0016-PS1	coirawkv	arthropoda_Siphonoperla_hajastanica	99.1	1
0016-PS1	coirawkv	chordata_Camelus_dromedarius	100.0	1
0016-PS1	coirawkv	chordata_Castor_canadensis	100.0	42
0016-PS1	coirawkv	chordata_Castor_canadensis	99.5	6
0016-PS1	coirawkv	chordata_Couesius_plumbeus	100.0	5
0016-PS1	coirawkv	chordata_Couesius_plumbeus	99.0	1
0016-PS1	coirawkv	chordata_Lota_lota	100.0	3
0016-PS1	coirawkv	chordata_Ondatra_zibethicus	100.0	1
0016-PS1	coirawkv	chordata_Otocolobus_manul	100.0	1
0016-PS1	coirawkv	chordata_Rhinichthys_cataractae	100.0	6
0016-PS1	coirawkv	mollusca_Bathymodiolus_azoricus	100.0	1
0017-PS1	coirawkv	arthropoda_Creonpyge_creon	100.0	1
0017-PS1	coirawkv	arthropoda_Gamia_shelleyi	100.0	2
0017-PS1	coirawkv	arthropoda_Gesta_invisus	100.0	1
0017-PS1	coirawkv	arthropoda_Photinus_texanus	97.1	1
0017-PS1	coirawkv	arthropoda_Prosoeca_torquata	98.7	1
0017-PS1	coirawkv	arthropoda_Sarangesa_bouvieri	97.7	1
0017-PS1	coirawkv	chordata_Castor_canadensis	100.0	1
0017-PS1	coirawkv	chordata_Catostomus_catostomus	100.0	1
0017-PS1	coirawkv	chordata_Cottus_cognatus	100.0	8
0017-PS1	coirawkv	chordata_Cottus_cognatus	99.0	1
0017-PS1	coirawkv	chordata_Cottus_cognatus	99.5	5
0017-PS1	coirawkv	chordata_Couesius_plumbeus	100.0	13
0017-PS1	coirawkv	chordata_Couesius_plumbeus	99.5	1
0017-PS1	coirawkv	mollusca_Bathymodiolus_azoricus	100.0	1
0018-PS1	coirawkv	arthropoda_Angarotipula_illustris	100.0	1
0018-PS1	coirawkv	arthropoda_Baetis_tricaudatus	100.0	1
0018-PS1	coirawkv	arthropoda_Celaenorrhinus_eligius	99.1	1
0018-PS1	coirawkv	arthropoda_Ilybiosoma_bjorkmanae	97.5	1
0018-PS1	coirawkv	arthropoda_Ilybiosoma_bjorkmanae	98.0	1
0018-PS1	coirawkv	arthropoda_Maccaffertium_vicarium	100.0	1
0018-PS1	coirawkv	arthropoda_Siphlonurus_alternatus	100.0	1
0018-PS1	coirawkv	chordata_Castor_canadensis	100.0	48
0018-PS1	coirawkv	chordata_Castor_canadensis	97.5	1
0018-PS1	coirawkv	chordata_Castor_canadensis	98.5	1
0018-PS1	coirawkv	chordata_Castor_canadensis	99.5	3
0018-PS1	coirawkv	chordata_Catostomus_catostomus	100.0	11
0018-PS1	coirawkv	chordata_Catostomus_catostomus	97.8	1
0018-PS1	coirawkv	chordata_Catostomus_catostomus	99.5	2
0018-PS1	coirawkv	chordata_Couesius_plumbeus	100.0	195
0018-PS1	coirawkv	chordata_Couesius_plumbeus	99.0	2
0018-PS1	coirawkv	chordata_Couesius_plumbeus	99.3	1
0018-PS1	coirawkv	chordata_Couesius_plumbeus	99.5	14
0018-PS1	coirawkv	chordata_Culaea_inconstans	100.0	2
0018-PS1	coirawkv	chordata_Lota_lota	100.0	2
coi	coirawkv	chordata_Acipenser_fulvescens	100.0	4433
coi	coirawkv	chordata_Acipenser_fulvescens	98.5	4
coi	coirawkv	chordata_Acipenser_fulvescens	99.0	79
coi	coirawkv	chordata_Acipenser_fulvescens	99.5	742
coi	coirawkv	chordata_Anguilla_anguilla	99.0	2
coi	coirawkv	chordata_Anguilla_rostrata	100.0	4384
coi	coirawkv	chordata_Anguilla_rostrata	97.0	1
coi	coirawkv	chordata_Anguilla_rostrata	97.5	2
coi	coirawkv	chordata_Anguilla_rostrata	98.0	1
coi	coirawkv	chordata_Anguilla_rostrata	98.5	5
coi	coirawkv	chordata_Anguilla_rostrata	99.0	82
coi	coirawkv	chordata_Anguilla_rostrata	99.5	793
coi	coirawkv	chordata_Carpiodes_carpio	99.5	2
coi	coirawkv	chordata_Carpiodes_cyprinus	99.5	1
coi	coirawkv	chordata_Carpiodes_velifer	99.0	5
coi	coirawkv	chordata_Carpiodes_velifer	99.5	6
coi	coirawkv	chordata_Catostomus_catostomus	100.0	4401
coi	coirawkv	chordata_Catostomus_catostomus	97.0	2
coi	coirawkv	chordata_Catostomus_catostomus	98.5	5
coi	coirawkv	chordata_Catostomus_catostomus	98.9	1
coi	coirawkv	chordata_Catostomus_catostomus	99.0	65
coi	coirawkv	chordata_Catostomus_catostomus	99.4	1
coi	coirawkv	chordata_Catostomus_catostomus	99.5	801
coi	coirawkv	chordata_Catostomus_commersonii	100.0	1312
coi	coirawkv	chordata_Catostomus_commersonii	99.0	23
coi	coirawkv	chordata_Catostomus_commersonii	99.5	254
coi	coirawkv	chordata_Catostomus_platyrhynchus	100.0	1358
coi	coirawkv	chordata_Catostomus_platyrhynchus	98.0	1
coi	coirawkv	chordata_Catostomus_platyrhynchus	98.8	1
coi	coirawkv	chordata_Catostomus_platyrhynchus	99.0	15
coi	coirawkv	chordata_Catostomus_platyrhynchus	99.4	2
coi	coirawkv	chordata_Catostomus_platyrhynchus	99.5	211
coi	coirawkv	chordata_Chrosomus_eos	100.0	1317
coi	coirawkv	chordata_Chrosomus_eos	97.0	1
coi	coirawkv	chordata_Chrosomus_eos	98.5	1
coi	coirawkv	chordata_Chrosomus_eos	99.0	18
coi	coirawkv	chordata_Chrosomus_eos	99.5	251
coi	coirawkv	chordata_Chrosomus_neogaeus	99.5	1
coi	coirawkv	chordata_Coregonus_holsatus	100.0	3
coi	coirawkv	chordata_Coregonus_holsatus	99.5	1
coi	coirawkv	chordata_Coregonus_sardinella	100.0	12
coi	coirawkv	chordata_Coregonus_sardinella	99.5	1
coi	coirawkv	chordata_Coregonus_ussuriensis	100.0	2
coi	coirawkv	chordata_Coregonus_ussuriensis	99.5	1
coi	coirawkv	chordata_Cottus_asper	100.0	1
coi	coirawkv	chordata_Cottus_bairdii	100.0	1
coi	coirawkv	chordata_Cottus_beldingii	100.0	4405
coi	coirawkv	chordata_Cottus_beldingii	97.0	1
coi	coirawkv	chordata_Cottus_beldingii	98.0	1
coi	coirawkv	chordata_Cottus_beldingii	98.5	7
coi	coirawkv	chordata_Cottus_beldingii	99.0	75
coi	coirawkv	chordata_Cottus_beldingii	99.5	789
coi	coirawkv	chordata_Cottus_gobio	97.0	1
coi	coirawkv	chordata_Cottus_rhotheus	100.0	4
coi	coirawkv	chordata_Cottus_ricei	100.0	4371
coi	coirawkv	chordata_Cottus_ricei	97.0	1
coi	coirawkv	chordata_Cottus_ricei	97.5	1
coi	coirawkv	chordata_Cottus_ricei	98.0	1
coi	coirawkv	chordata_Cottus_ricei	98.5	2
coi	coirawkv	chordata_Cottus_ricei	99.0	77
coi	coirawkv	chordata_Cottus_ricei	99.5	824
coi	coirawkv	chordata_Couesius_plumbeus	100.0	4548
coi	coirawkv	chordata_Couesius_plumbeus	98.5	2
coi	coirawkv	chordata_Couesius_plumbeus	98.7	1
coi	coirawkv	chordata_Couesius_plumbeus	98.9	1
coi	coirawkv	chordata_Couesius_plumbeus	99.0	43
coi	coirawkv	chordata_Couesius_plumbeus	99.3	4
coi	coirawkv	chordata_Couesius_plumbeus	99.4	23
coi	coirawkv	chordata_Couesius_plumbeus	99.5	660
coi	coirawkv	chordata_Culaea_inconstans	100.0	4364
coi	coirawkv	chordata_Culaea_inconstans	97.5	1
coi	coirawkv	chordata_Culaea_inconstans	98.0	1
coi	coirawkv	chordata_Culaea_inconstans	98.5	3
coi	coirawkv	chordata_Culaea_inconstans	99.0	70
coi	coirawkv	chordata_Culaea_inconstans	99.5	840
coi	coirawkv	chordata_Esox_lucius	100.0	4377
coi	coirawkv	chordata_Esox_lucius	98.0	1
coi	coirawkv	chordata_Esox_lucius	98.5	9
coi	coirawkv	chordata_Esox_lucius	99.0	76
coi	coirawkv	chordata_Esox_lucius	99.5	814
coi	coirawkv	chordata_Etheostoma_exile	100.0	1330
coi	coirawkv	chordata_Etheostoma_exile	98.5	2
coi	coirawkv	chordata_Etheostoma_exile	99.0	24
coi	coirawkv	chordata_Etheostoma_exile	99.5	233
coi	coirawkv	chordata_Gambusia_affinis	100.0	4467
coi	coirawkv	chordata_Gambusia_affinis	97.0	1
coi	coirawkv	chordata_Gambusia_affinis	97.5	1
coi	coirawkv	chordata_Gambusia_affinis	98.0	1
coi	coirawkv	chordata_Gambusia_affinis	98.5	4
coi	coirawkv	chordata_Gambusia_affinis	99.0	68
coi	coirawkv	chordata_Gambusia_affinis	99.5	733
coi	coirawkv	chordata_Gambusia_marshi	100.0	1
coi	coirawkv	chordata_Gasterosteus_aculeatus	100.0	2
coi	coirawkv	chordata_Gasterosteus_gymnurus	100.0	1
coi	coirawkv	chordata_Hemichromis_bimaculatus	100.0	1311
coi	coirawkv	chordata_Hemichromis_bimaculatus	98.0	1
coi	coirawkv	chordata_Hemichromis_bimaculatus	98.5	2
coi	coirawkv	chordata_Hemichromis_bimaculatus	99.0	21
coi	coirawkv	chordata_Hemichromis_bimaculatus	99.5	253
coi	coirawkv	chordata_Hiodon_alosoides	100.0	1312
coi	coirawkv	chordata_Hiodon_alosoides	99.0	15
coi	coirawkv	chordata_Hiodon_alosoides	99.5	261
coi	coirawkv	chordata_Hiodon_tergisus	100.0	4398
coi	coirawkv	chordata_Hiodon_tergisus	97.0	1
coi	coirawkv	chordata_Hiodon_tergisus	98.0	1
coi	coirawkv	chordata_Hiodon_tergisus	98.5	5
coi	coirawkv	chordata_Hiodon_tergisus	99.0	86
coi	coirawkv	chordata_Hiodon_tergisus	99.5	789
coi	coirawkv	chordata_Lepomis_gibbosus	100.0	1318
coi	coirawkv	chordata_Lepomis_gibbosus	98.5	2
coi	coirawkv	chordata_Lepomis_gibbosus	99.0	19
coi	coirawkv	chordata_Lepomis_gibbosus	99.5	248
coi	coirawkv	chordata_Lethenteron_camtschaticum	100.0	4385
coi	coirawkv	chordata_Lethenteron_camtschaticum	98.0	2
coi	coirawkv	chordata_Lethenteron_camtschaticum	98.5	7
coi	coirawkv	chordata_Lethenteron_camtschaticum	99.0	64
coi	coirawkv	chordata_Lethenteron_camtschaticum	99.5	817
coi	coirawkv	chordata_Lota_lota	100.0	7499
coi	coirawkv	chordata_Lota_lota	97.5	1
coi	coirawkv	chordata_Lota_lota	98.0	1
coi	coirawkv	chordata_Lota_lota	98.5	11
coi	coirawkv	chordata_Lota_lota	99.0	127
coi	coirawkv	chordata_Lota_lota	99.5	1329
coi	coirawkv	chordata_Margariscus_margarita	100.0	1324
coi	coirawkv	chordata_Margariscus_margarita	98.5	2
coi	coirawkv	chordata_Margariscus_margarita	99.0	24
coi	coirawkv	chordata_Margariscus_margarita	99.5	239
coi	coirawkv	chordata_Micropterus_dolomieu	100.0	1297
coi	coirawkv	chordata_Micropterus_dolomieu	98.0	1
coi	coirawkv	chordata_Micropterus_dolomieu	99.0	26
coi	coirawkv	chordata_Micropterus_dolomieu	99.5	254
coi	coirawkv	chordata_Micropterus_salmoides	100.0	4354
coi	coirawkv	chordata_Micropterus_salmoides	98.0	1
coi	coirawkv	chordata_Micropterus_salmoides	98.5	3
coi	coirawkv	chordata_Micropterus_salmoides	99.0	83
coi	coirawkv	chordata_Micropterus_salmoides	99.5	838
coi	coirawkv	chordata_Moxostoma_anisurum	100.0	1339
coi	coirawkv	chordata_Moxostoma_anisurum	97.0	1
coi	coirawkv	chordata_Moxostoma_anisurum	98.5	1
coi	coirawkv	chordata_Moxostoma_anisurum	99.0	24
coi	coirawkv	chordata_Moxostoma_anisurum	99.5	215
coi	coirawkv	chordata_Moxostoma_collapsum	100.0	3
coi	coirawkv	chordata_Moxostoma_collapsum	99.5	1
coi	coirawkv	chordata_Mylopharyngodon_piceus	100.0	2
coi	coirawkv	chordata_Myoxocephalus_quadricornis	100.0	33
coi	coirawkv	chordata_Myoxocephalus_quadricornis	99.0	2
coi	coirawkv	chordata_Myoxocephalus_quadricornis	99.5	6
coi	coirawkv	chordata_Notropis_atherinoides	100.0	1332
coi	coirawkv	chordata_Notropis_atherinoides	98.0	1
coi	coirawkv	chordata_Notropis_atherinoides	98.5	3
coi	coirawkv	chordata_Notropis_atherinoides	99.0	22
coi	coirawkv	chordata_Notropis_atherinoides	99.5	226
coi	coirawkv	chordata_Notropis_blennius	100.0	1310
coi	coirawkv	chordata_Notropis_blennius	98.5	1
coi	coirawkv	chordata_Notropis_blennius	99.0	19
coi	coirawkv	chordata_Notropis_blennius	99.5	258
coi	coirawkv	chordata_Notropis_hudsonius	100.0	1296
coi	coirawkv	chordata_Notropis_hudsonius	97.0	1
coi	coirawkv	chordata_Notropis_hudsonius	98.5	1
coi	coirawkv	chordata_Notropis_hudsonius	99.0	18
coi	coirawkv	chordata_Notropis_hudsonius	99.5	273
coi	coirawkv	chordata_Noturus_flavus	100.0	4402
coi	coirawkv	chordata_Noturus_flavus	97.5	1
coi	coirawkv	chordata_Noturus_flavus	98.5	3
coi	coirawkv	chordata_Noturus_flavus	99.0	81
coi	coirawkv	chordata_Noturus_flavus	99.5	791
coi	coirawkv	chordata_Oncorhynchus_gilae	100.0	8
coi	coirawkv	chordata_Oncorhynchus_gilae	99.0	1
coi	coirawkv	chordata_Oncorhynchus_gilae	99.5	4
coi	coirawkv	chordata_Oncorhynchus_kisutch	100.0	1
coi	coirawkv	chordata_Oncorhynchus_kisutch	99.5	4
coi	coirawkv	chordata_Oncorhynchus_mykiss	100.0	4383
coi	coirawkv	chordata_Oncorhynchus_mykiss	97.0	1
coi	coirawkv	chordata_Oncorhynchus_mykiss	97.5	1
coi	coirawkv	chordata_Oncorhynchus_mykiss	98.0	1
coi	coirawkv	chordata_Oncorhynchus_mykiss	98.5	28
coi	coirawkv	chordata_Oncorhynchus_mykiss	99.0	314
coi	coirawkv	chordata_Oncorhynchus_mykiss	99.5	2116
coi	coirawkv	chordata_Oncorhynchus_nerka	100.0	1293
coi	coirawkv	chordata_Oncorhynchus_nerka	98.5	5
coi	coirawkv	chordata_Oncorhynchus_nerka	99.0	26
coi	coirawkv	chordata_Oncorhynchus_nerka	99.5	263
coi	coirawkv	chordata_Perca_flavescens	100.0	7538
coi	coirawkv	chordata_Perca_flavescens	97.0	1
coi	coirawkv	chordata_Perca_flavescens	97.5	1
coi	coirawkv	chordata_Perca_flavescens	98.5	4
coi	coirawkv	chordata_Perca_flavescens	99.0	108
coi	coirawkv	chordata_Perca_flavescens	99.4	1
coi	coirawkv	chordata_Perca_flavescens	99.5	1310
coi	coirawkv	chordata_Percina_austroperca	99.5	2
coi	coirawkv	chordata_Percina_caprodes	100.0	1
coi	coirawkv	chordata_Percopsis_omiscomaycus	100.0	7408
coi	coirawkv	chordata_Percopsis_omiscomaycus	97.0	1
coi	coirawkv	chordata_Percopsis_omiscomaycus	98.5	11
coi	coirawkv	chordata_Percopsis_omiscomaycus	99.0	141
coi	coirawkv	chordata_Percopsis_omiscomaycus	99.5	1406
coi	coirawkv	chordata_Pimephales_promelas	100.0	1330
coi	coirawkv	chordata_Pimephales_promelas	99.0	24
coi	coirawkv	chordata_Pimephales_promelas	99.5	234
coi	coirawkv	chordata_Platygobio_gracilis	100.0	7438
coi	coirawkv	chordata_Platygobio_gracilis	97.5	2
coi	coirawkv	chordata_Platygobio_gracilis	98.0	1
coi	coirawkv	chordata_Platygobio_gracilis	98.5	8
coi	coirawkv	chordata_Platygobio_gracilis	99.0	118
coi	coirawkv	chordata_Platygobio_gracilis	99.5	1404
coi	coirawkv	chordata_Poecilia_latipinna	100.0	1301
coi	coirawkv	chordata_Poecilia_latipinna	99.0	22
coi	coirawkv	chordata_Poecilia_latipinna	99.5	264
coi	coirawkv	chordata_Prosopium_coulterii	100.0	1367
coi	coirawkv	chordata_Prosopium_coulterii	97.0	1
coi	coirawkv	chordata_Prosopium_coulterii	99.0	12
coi	coirawkv	chordata_Prosopium_coulterii	99.4	5
coi	coirawkv	chordata_Prosopium_coulterii	99.5	203
coi	coirawkv	chordata_Prosopium_cylindraceum	100.0	1287
coi	coirawkv	chordata_Prosopium_cylindraceum	98.5	2
coi	coirawkv	chordata_Prosopium_cylindraceum	99.0	21
coi	coirawkv	chordata_Prosopium_cylindraceum	99.5	279
coi	coirawkv	chordata_Prosopium_spilonotus	99.5	1
coi	coirawkv	chordata_Prosopium_williamsoni	100.0	4349
coi	coirawkv	chordata_Prosopium_williamsoni	97.0	1
coi	coirawkv	chordata_Prosopium_williamsoni	97.5	1
coi	coirawkv	chordata_Prosopium_williamsoni	98.5	2
coi	coirawkv	chordata_Prosopium_williamsoni	99.0	96
coi	coirawkv	chordata_Prosopium_williamsoni	99.3	1
coi	coirawkv	chordata_Prosopium_williamsoni	99.5	819
coi	coirawkv	chordata_Ptychocheilus_oregonensis	100.0	6
coi	coirawkv	chordata_Pungitius_pungitius	100.0	1324
coi	coirawkv	chordata_Pungitius_pungitius	98.5	1
coi	coirawkv	chordata_Pungitius_pungitius	99.0	19
coi	coirawkv	chordata_Pungitius_pungitius	99.5	245
coi	coirawkv	chordata_Rhinichthys_cataractae	100.0	2
coi	coirawkv	chordata_Richardsonius_balteatus	100.0	1334
coi	coirawkv	chordata_Richardsonius_balteatus	97.5	1
coi	coirawkv	chordata_Richardsonius_balteatus	99.0	12
coi	coirawkv	chordata_Richardsonius_balteatus	99.5	240
coi	coirawkv	chordata_Salmo_salar	100.0	1319
coi	coirawkv	chordata_Salmo_salar	99.0	25
coi	coirawkv	chordata_Salmo_salar	99.5	244
coi	coirawkv	chordata_Salmo_trutta	100.0	15
coi	coirawkv	chordata_Salmo_trutta	99.0	2
coi	coirawkv	chordata_Salmo_trutta	99.5	6
coi	coirawkv	chordata_Salvelinus_alpinus	100.0	2
coi	coirawkv	chordata_Salvelinus_confluentus	100.0	1
coi	coirawkv	chordata_Salvelinus_fontinalis	100.0	4376
coi	coirawkv	chordata_Salvelinus_fontinalis	97.0	1
coi	coirawkv	chordata_Salvelinus_fontinalis	98.5	2
coi	coirawkv	chordata_Salvelinus_fontinalis	99.0	81
coi	coirawkv	chordata_Salvelinus_fontinalis	99.5	819
coi	coirawkv	chordata_Salvelinus_malma	100.0	1328
coi	coirawkv	chordata_Salvelinus_malma	98.5	2
coi	coirawkv	chordata_Salvelinus_malma	99.0	15
coi	coirawkv	chordata_Salvelinus_malma	99.5	244
coi	coirawkv	chordata_Salvelinus_namaycush	100.0	1303
coi	coirawkv	chordata_Salvelinus_namaycush	97.0	1
coi	coirawkv	chordata_Salvelinus_namaycush	99.0	21
coi	coirawkv	chordata_Salvelinus_namaycush	99.5	264
coi	coirawkv	chordata_Sander_canadensis	100.0	1310
coi	coirawkv	chordata_Sander_canadensis	99.0	29
coi	coirawkv	chordata_Sander_canadensis	99.5	251
coi	coirawkv	chordata_Sander_vitreus	100.0	63
coi	coirawkv	chordata_Sander_vitreus	99.5	6
coi	coirawkv	chordata_Thymallus_arcticus	100.0	42
coi	coirawkv	chordata_Thymallus_arcticus	99.5	6
coi-allalberta	coirawkv	chordata_Acipenser_fulvescens	100.0	753
coi-allalberta	coirawkv	chordata_Acipenser_fulvescens	99.0	17
coi-allalberta	coirawkv	chordata_Acipenser_fulvescens	99.5	106
coi-allalberta	coirawkv	chordata_Anguilla_rostrata	100.0	744
coi-allalberta	coirawkv	chordata_Anguilla_rostrata	98.0	1
coi-allalberta	coirawkv	chordata_Anguilla_rostrata	99.0	10
coi-allalberta	coirawkv	chordata_Anguilla_rostrata	99.5	121
coi-allalberta	coirawkv	chordata_Carpiodes_velifer	99.0	2
coi-allalberta	coirawkv	chordata_Carpiodes_velifer	99.5	1
coi-allalberta	coirawkv	chordata_Catostomus_catostomus	100.0	735
coi-allalberta	coirawkv	chordata_Catostomus_catostomus	98.5	1
coi-allalberta	coirawkv	chordata_Catostomus_catostomus	99.0	8
coi-allalberta	coirawkv	chordata_Catostomus_catostomus	99.5	133
coi-allalberta	coirawkv	chordata_Catostomus_commersonii	100.0	714
coi-allalberta	coirawkv	chordata_Catostomus_commersonii	99.0	15
coi-allalberta	coirawkv	chordata_Catostomus_commersonii	99.5	151
coi-allalberta	coirawkv	chordata_Catostomus_platyrhynchus	100.0	755
coi-allalberta	coirawkv	chordata_Catostomus_platyrhynchus	98.0	1
coi-allalberta	coirawkv	chordata_Catostomus_platyrhynchus	99.0	9
coi-allalberta	coirawkv	chordata_Catostomus_platyrhynchus	99.5	114
coi-allalberta	coirawkv	chordata_Chrosomus_eos	100.0	732
coi-allalberta	coirawkv	chordata_Chrosomus_eos	97.0	1
coi-allalberta	coirawkv	chordata_Chrosomus_eos	99.0	8
coi-allalberta	coirawkv	chordata_Chrosomus_eos	99.5	137
coi-allalberta	coirawkv	chordata_Chrosomus_neogaeus	99.5	1
coi-allalberta	coirawkv	chordata_Coregonus_holsatus	100.0	1
coi-allalberta	coirawkv	chordata_Coregonus_sardinella	100.0	1
coi-allalberta	coirawkv	chordata_Coregonus_ussuriensis	100.0	2
coi-allalberta	coirawkv	chordata_Cottus_asper	100.0	1
coi-allalberta	coirawkv	chordata_Cottus_beldingii	100.0	739
coi-allalberta	coirawkv	chordata_Cottus_beldingii	98.5	1
coi-allalberta	coirawkv	chordata_Cottus_beldingii	99.0	15
coi-allalberta	coirawkv	chordata_Cottus_beldingii	99.5	125
coi-allalberta	coirawkv	chordata_Cottus_rhotheus	100.0	3
coi-allalberta	coirawkv	chordata_Cottus_ricei	100.0	710
coi-allalberta	coirawkv	chordata_Cottus_ricei	99.0	14
coi-allalberta	coirawkv	chordata_Cottus_ricei	99.5	154
coi-allalberta	coirawkv	chordata_Couesius_plumbeus	100.0	765
coi-allalberta	coirawkv	chordata_Couesius_plumbeus	99.0	6
coi-allalberta	coirawkv	chordata_Couesius_plumbeus	99.4	3
coi-allalberta	coirawkv	chordata_Couesius_plumbeus	99.5	106
coi-allalberta	coirawkv	chordata_Culaea_inconstans	100.0	724
coi-allalberta	coirawkv	chordata_Culaea_inconstans	98.5	1
coi-allalberta	coirawkv	chordata_Culaea_inconstans	99.0	8
coi-allalberta	coirawkv	chordata_Culaea_inconstans	99.5	146
coi-allalberta	coirawkv	chordata_Esox_lucius	100.0	720
coi-allalberta	coirawkv	chordata_Esox_lucius	98.0	1
coi-allalberta	coirawkv	chordata_Esox_lucius	98.5	5
coi-allalberta	coirawkv	chordata_Esox_lucius	99.0	12
coi-allalberta	coirawkv	chordata_Esox_lucius	99.5	141
coi-allalberta	coirawkv	chordata_Etheostoma_exile	100.0	733
coi-allalberta	coirawkv	chordata_Etheostoma_exile	98.5	1
coi-allalberta	coirawkv	chordata_Etheostoma_exile	99.0	11
coi-allalberta	coirawkv	chordata_Etheostoma_exile	99.5	135
coi-allalberta	coirawkv	chordata_Gambusia_affinis	100.0	737
coi-allalberta	coirawkv	chordata_Gambusia_affinis	98.5	1
coi-allalberta	coirawkv	chordata_Gambusia_affinis	99.0	11
coi-allalberta	coirawkv	chordata_Gambusia_affinis	99.5	128
coi-allalberta	coirawkv	chordata_Gasterosteus_aculeatus	100.0	1
coi-allalberta	coirawkv	chordata_Hemichromis_bimaculatus	100.0	733
coi-allalberta	coirawkv	chordata_Hemichromis_bimaculatus	98.0	1
coi-allalberta	coirawkv	chordata_Hemichromis_bimaculatus	98.5	2
coi-allalberta	coirawkv	chordata_Hemichromis_bimaculatus	99.0	12
coi-allalberta	coirawkv	chordata_Hemichromis_bimaculatus	99.5	130
coi-allalberta	coirawkv	chordata_Hiodon_alosoides	100.0	726
coi-allalberta	coirawkv	chordata_Hiodon_alosoides	99.0	8
coi-allalberta	coirawkv	chordata_Hiodon_alosoides	99.5	144
coi-allalberta	coirawkv	chordata_Hiodon_tergisus	100.0	730
coi-allalberta	coirawkv	chordata_Hiodon_tergisus	99.0	13
coi-allalberta	coirawkv	chordata_Hiodon_tergisus	99.5	137
coi-allalberta	coirawkv	chordata_Lepomis_gibbosus	100.0	728
coi-allalberta	coirawkv	chordata_Lepomis_gibbosus	98.5	2
coi-allalberta	coirawkv	chordata_Lepomis_gibbosus	99.0	11
coi-allalberta	coirawkv	chordata_Lepomis_gibbosus	99.5	137
coi-allalberta	coirawkv	chordata_Lethenteron_camtschaticum	100.0	738
coi-allalberta	coirawkv	chordata_Lethenteron_camtschaticum	98.5	2
coi-allalberta	coirawkv	chordata_Lethenteron_camtschaticum	99.0	12
coi-allalberta	coirawkv	chordata_Lethenteron_camtschaticum	99.5	127
coi-allalberta	coirawkv	chordata_Lota_lota	100.0	750
coi-allalberta	coirawkv	chordata_Lota_lota	98.5	3
coi-allalberta	coirawkv	chordata_Lota_lota	99.0	11
coi-allalberta	coirawkv	chordata_Lota_lota	99.5	114
coi-allalberta	coirawkv	chordata_Margariscus_margarita	100.0	733
coi-allalberta	coirawkv	chordata_Margariscus_margarita	98.5	2
coi-allalberta	coirawkv	chordata_Margariscus_margarita	99.0	12
coi-allalberta	coirawkv	chordata_Margariscus_margarita	99.5	133
coi-allalberta	coirawkv	chordata_Micropterus_dolomieu	100.0	715
coi-allalberta	coirawkv	chordata_Micropterus_dolomieu	98.0	1
coi-allalberta	coirawkv	chordata_Micropterus_dolomieu	99.0	9
coi-allalberta	coirawkv	chordata_Micropterus_dolomieu	99.5	148
coi-allalberta	coirawkv	chordata_Micropterus_salmoides	100.0	722
coi-allalberta	coirawkv	chordata_Micropterus_salmoides	99.0	14
coi-allalberta	coirawkv	chordata_Micropterus_salmoides	99.5	143
coi-allalberta	coirawkv	chordata_Moxostoma_anisurum	100.0	729
coi-allalberta	coirawkv	chordata_Moxostoma_anisurum	97.0	1
coi-allalberta	coirawkv	chordata_Moxostoma_anisurum	99.0	14
coi-allalberta	coirawkv	chordata_Moxostoma_anisurum	99.5	129
coi-allalberta	coirawkv	chordata_Moxostoma_collapsum	99.5	1
coi-allalberta	coirawkv	chordata_Mylopharyngodon_piceus	100.0	2
coi-allalberta	coirawkv	chordata_Myoxocephalus_quadricornis	100.0	22
coi-allalberta	coirawkv	chordata_Myoxocephalus_quadricornis	99.0	1
coi-allalberta	coirawkv	chordata_Myoxocephalus_quadricornis	99.5	3
coi-allalberta	coirawkv	chordata_Notropis_atherinoides	100.0	733
coi-allalberta	coirawkv	chordata_Notropis_atherinoides	98.0	1
coi-allalberta	coirawkv	chordata_Notropis_atherinoides	98.5	2
coi-allalberta	coirawkv	chordata_Notropis_atherinoides	99.0	10
coi-allalberta	coirawkv	chordata_Notropis_atherinoides	99.5	130
coi-allalberta	coirawkv	chordata_Notropis_blennius	100.0	725
coi-allalberta	coirawkv	chordata_Notropis_blennius	98.5	1
coi-allalberta	coirawkv	chordata_Notropis_blennius	99.0	10
coi-allalberta	coirawkv	chordata_Notropis_blennius	99.5	142
coi-allalberta	coirawkv	chordata_Notropis_hudsonius	100.0	713
coi-allalberta	coirawkv	chordata_Notropis_hudsonius	98.5	1
coi-allalberta	coirawkv	chordata_Notropis_hudsonius	99.0	13
coi-allalberta	coirawkv	chordata_Notropis_hudsonius	99.5	152
coi-allalberta	coirawkv	chordata_Noturus_flavus	100.0	738
coi-allalberta	coirawkv	chordata_Noturus_flavus	99.0	11
coi-allalberta	coirawkv	chordata_Noturus_flavus	99.5	130
coi-allalberta	coirawkv	chordata_Oncorhynchus_gilae	100.0	1
coi-allalberta	coirawkv	chordata_Oncorhynchus_gilae	99.0	1
coi-allalberta	coirawkv	chordata_Oncorhynchus_gilae	99.5	1
coi-allalberta	coirawkv	chordata_Oncorhynchus_kisutch	99.5	1
coi-allalberta	coirawkv	chordata_Oncorhynchus_mykiss	100.0	714
coi-allalberta	coirawkv	chordata_Oncorhynchus_mykiss	97.0	1
coi-allalberta	coirawkv	chordata_Oncorhynchus_mykiss	97.5	1
coi-allalberta	coirawkv	chordata_Oncorhynchus_mykiss	98.5	11
coi-allalberta	coirawkv	chordata_Oncorhynchus_mykiss	99.0	148
coi-allalberta	coirawkv	chordata_Oncorhynchus_mykiss	99.5	876
coi-allalberta	coirawkv	chordata_Oncorhynchus_nerka	100.0	717
coi-allalberta	coirawkv	chordata_Oncorhynchus_nerka	98.5	2
coi-allalberta	coirawkv	chordata_Oncorhynchus_nerka	99.0	11
coi-allalberta	coirawkv	chordata_Oncorhynchus_nerka	99.5	148
coi-allalberta	coirawkv	chordata_Perca_flavescens	100.0	742
coi-allalberta	coirawkv	chordata_Perca_flavescens	97.0	1
coi-allalberta	coirawkv	chordata_Perca_flavescens	98.5	1
coi-allalberta	coirawkv	chordata_Perca_flavescens	99.0	10
coi-allalberta	coirawkv	chordata_Perca_flavescens	99.5	124
coi-allalberta	coirawkv	chordata_Percopsis_omiscomaycus	100.0	714
coi-allalberta	coirawkv	chordata_Percopsis_omiscomaycus	98.5	1
coi-allalberta	coirawkv	chordata_Percopsis_omiscomaycus	99.0	14
coi-allalberta	coirawkv	chordata_Percopsis_omiscomaycus	99.5	151
coi-allalberta	coirawkv	chordata_Pimephales_promelas	100.0	727
coi-allalberta	coirawkv	chordata_Pimephales_promelas	99.0	18
coi-allalberta	coirawkv	chordata_Pimephales_promelas	99.5	134
coi-allalberta	coirawkv	chordata_Platygobio_gracilis	100.0	716
coi-allalberta	coirawkv	chordata_Platygobio_gracilis	98.5	1
coi-allalberta	coirawkv	chordata_Platygobio_gracilis	99.0	15
coi-allalberta	coirawkv	chordata_Platygobio_gracilis	99.5	147
coi-allalberta	coirawkv	chordata_Poecilia_latipinna	100.0	715
coi-allalberta	coirawkv	chordata_Poecilia_latipinna	99.0	12
coi-allalberta	coirawkv	chordata_Poecilia_latipinna	99.5	152
coi-allalberta	coirawkv	chordata_Prosopium_coulterii	100.0	753
coi-allalberta	coirawkv	chordata_Prosopium_coulterii	99.0	7
coi-allalberta	coirawkv	chordata_Prosopium_coulterii	99.4	2
coi-allalberta	coirawkv	chordata_Prosopium_coulterii	99.5	116
coi-allalberta	coirawkv	chordata_Prosopium_cylindraceum	100.0	719
coi-allalberta	coirawkv	chordata_Prosopium_cylindraceum	98.5	1
coi-allalberta	coirawkv	chordata_Prosopium_cylindraceum	99.0	13
coi-allalberta	coirawkv	chordata_Prosopium_cylindraceum	99.5	146
coi-allalberta	coirawkv	chordata_Prosopium_williamsoni	100.0	723
coi-allalberta	coirawkv	chordata_Prosopium_williamsoni	99.0	17
coi-allalberta	coirawkv	chordata_Prosopium_williamsoni	99.3	1
coi-allalberta	coirawkv	chordata_Prosopium_williamsoni	99.5	139
coi-allalberta	coirawkv	chordata_Ptychocheilus_oregonensis	100.0	2
coi-allalberta	coirawkv	chordata_Pungitius_pungitius	100.0	730
coi-allalberta	coirawkv	chordata_Pungitius_pungitius	98.5	1
coi-allalberta	coirawkv	chordata_Pungitius_pungitius	99.0	6
coi-allalberta	coirawkv	chordata_Pungitius_pungitius	99.5	143
coi-allalberta	coirawkv	chordata_Rhinichthys_cataractae	100.0	1
coi-allalberta	coirawkv	chordata_Richardsonius_balteatus	100.0	732
coi-allalberta	coirawkv	chordata_Richardsonius_balteatus	97.5	1
coi-allalberta	coirawkv	chordata_Richardsonius_balteatus	99.0	7
coi-allalberta	coirawkv	chordata_Richardsonius_balteatus	99.5	139
coi-allalberta	coirawkv	chordata_Salmo_salar	100.0	725
coi-allalberta	coirawkv	chordata_Salmo_salar	99.0	12
coi-allalberta	coirawkv	chordata_Salmo_salar	99.5	141
coi-allalberta	coirawkv	chordata_Salmo_trutta	100.0	4
coi-allalberta	coirawkv	chordata_Salmo_trutta	99.5	1
coi-allalberta	coirawkv	chordata_Salvelinus_alpinus	100.0	1
coi-allalberta	coirawkv	chordata_Salvelinus_confluentus	100.0	1
coi-allalberta	coirawkv	chordata_Salvelinus_fontinalis	100.0	745
coi-allalberta	coirawkv	chordata_Salvelinus_fontinalis	99.0	12
coi-allalberta	coirawkv	chordata_Salvelinus_fontinalis	99.5	121
coi-allalberta	coirawkv	chordata_Salvelinus_malma	100.0	735
coi-allalberta	coirawkv	chordata_Salvelinus_malma	99.0	9
coi-allalberta	coirawkv	chordata_Salvelinus_malma	99.5	134
coi-allalberta	coirawkv	chordata_Salvelinus_namaycush	100.0	739
coi-allalberta	coirawkv	chordata_Salvelinus_namaycush	97.0	1
coi-allalberta	coirawkv	chordata_Salvelinus_namaycush	99.0	13
coi-allalberta	coirawkv	chordata_Salvelinus_namaycush	99.5	126
coi-allalberta	coirawkv	chordata_Sander_canadensis	100.0	723
coi-allalberta	coirawkv	chordata_Sander_canadensis	99.0	12
coi-allalberta	coirawkv	chordata_Sander_canadensis	99.5	145
coi-allalberta	coirawkv	chordata_Sander_vitreus	100.0	11
coi-allalberta	coirawkv	chordata_Sander_vitreus	99.5	2
coi-allalberta	coirawkv	chordata_Thymallus_arcticus	100.0	9
coi-allalberta	coirawkv	chordata_Thymallus_arcticus	99.5	1
coi-blindspot	coirawkv	chordata_Catostomus_catostomus	100.0	3077
coi-blindspot	coirawkv	chordata_Catostomus_catostomus	97.0	1
coi-blindspot	coirawkv	chordata_Catostomus_catostomus	98.5	4
coi-blindspot	coirawkv	chordata_Catostomus_catostomus	98.9	1
coi-blindspot	coirawkv	chordata_Catostomus_catostomus	99.0	45
coi-blindspot	coirawkv	chordata_Catostomus_catostomus	99.4	1
coi-blindspot	coirawkv	chordata_Catostomus_catostomus	99.5	560
coi-blindspot	coirawkv	chordata_Coregonus_holsatus	100.0	2
coi-blindspot	coirawkv	chordata_Coregonus_holsatus	99.5	1
coi-blindspot	coirawkv	chordata_Coregonus_sardinella	100.0	9
coi-blindspot	coirawkv	chordata_Coregonus_sardinella	99.5	1
coi-blindspot	coirawkv	chordata_Coregonus_ussuriensis	99.5	1
coi-blindspot	coirawkv	chordata_Cottus_gobio	97.0	1
coi-blindspot	coirawkv	chordata_Cottus_ricei	100.0	3068
coi-blindspot	coirawkv	chordata_Cottus_ricei	97.0	1
coi-blindspot	coirawkv	chordata_Cottus_ricei	97.5	1
coi-blindspot	coirawkv	chordata_Cottus_ricei	98.0	1
coi-blindspot	coirawkv	chordata_Cottus_ricei	98.5	2
coi-blindspot	coirawkv	chordata_Cottus_ricei	99.0	53
coi-blindspot	coirawkv	chordata_Cottus_ricei	99.5	563
coi-blindspot	coirawkv	chordata_Couesius_plumbeus	100.0	3173
coi-blindspot	coirawkv	chordata_Couesius_plumbeus	98.5	2
coi-blindspot	coirawkv	chordata_Couesius_plumbeus	98.7	1
coi-blindspot	coirawkv	chordata_Couesius_plumbeus	98.9	1
coi-blindspot	coirawkv	chordata_Couesius_plumbeus	99.0	31
coi-blindspot	coirawkv	chordata_Couesius_plumbeus	99.3	4
coi-blindspot	coirawkv	chordata_Couesius_plumbeus	99.4	19
coi-blindspot	coirawkv	chordata_Couesius_plumbeus	99.5	462
coi-blindspot	coirawkv	chordata_Culaea_inconstans	100.0	3051
coi-blindspot	coirawkv	chordata_Culaea_inconstans	97.5	1
coi-blindspot	coirawkv	chordata_Culaea_inconstans	98.5	2
coi-blindspot	coirawkv	chordata_Culaea_inconstans	99.0	49
coi-blindspot	coirawkv	chordata_Culaea_inconstans	99.5	588
coi-blindspot	coirawkv	chordata_Lota_lota	100.0	3057
coi-blindspot	coirawkv	chordata_Lota_lota	98.5	3
coi-blindspot	coirawkv	chordata_Lota_lota	99.0	47
coi-blindspot	coirawkv	chordata_Lota_lota	99.5	584
coi-blindspot	coirawkv	chordata_Oncorhynchus_gilae	100.0	7
coi-blindspot	coirawkv	chordata_Oncorhynchus_gilae	99.5	1
coi-blindspot	coirawkv	chordata_Oncorhynchus_mykiss	100.0	3078
coi-blindspot	coirawkv	chordata_Oncorhynchus_mykiss	98.5	3
coi-blindspot	coirawkv	chordata_Oncorhynchus_mykiss	99.0	49
coi-blindspot	coirawkv	chordata_Oncorhynchus_mykiss	99.5	550
coi-blindspot	coirawkv	chordata_Perca_flavescens	100.0	3123
coi-blindspot	coirawkv	chordata_Perca_flavescens	98.5	1
coi-blindspot	coirawkv	chordata_Perca_flavescens	99.0	40
coi-blindspot	coirawkv	chordata_Perca_flavescens	99.5	524
coi-blindspot	coirawkv	chordata_Percopsis_omiscomaycus	100.0	3055
coi-blindspot	coirawkv	chordata_Percopsis_omiscomaycus	97.0	1
coi-blindspot	coirawkv	chordata_Percopsis_omiscomaycus	98.5	9
coi-blindspot	coirawkv	chordata_Percopsis_omiscomaycus	99.0	56
coi-blindspot	coirawkv	chordata_Percopsis_omiscomaycus	99.5	566
coi-blindspot	coirawkv	chordata_Platygobio_gracilis	100.0	3114
coi-blindspot	coirawkv	chordata_Platygobio_gracilis	97.5	1
coi-blindspot	coirawkv	chordata_Platygobio_gracilis	98.5	3
coi-blindspot	coirawkv	chordata_Platygobio_gracilis	99.0	40
coi-blindspot	coirawkv	chordata_Platygobio_gracilis	99.5	535
coi-blindspot	coirawkv	chordata_Prosopium_williamsoni	100.0	3031
coi-blindspot	coirawkv	chordata_Prosopium_williamsoni	97.0	1
coi-blindspot	coirawkv	chordata_Prosopium_williamsoni	97.5	1
coi-blindspot	coirawkv	chordata_Prosopium_williamsoni	98.5	2
coi-blindspot	coirawkv	chordata_Prosopium_williamsoni	99.0	65
coi-blindspot	coirawkv	chordata_Prosopium_williamsoni	99.5	582
coi-blindspot	coirawkv	chordata_Salmo_trutta	100.0	9
coi-blindspot	coirawkv	chordata_Salmo_trutta	99.0	1
coi-blindspot	coirawkv	chordata_Salmo_trutta	99.5	3
coi-blindspot	coirawkv	chordata_Salvelinus_fontinalis	100.0	3044
coi-blindspot	coirawkv	chordata_Salvelinus_fontinalis	97.0	1
coi-blindspot	coirawkv	chordata_Salvelinus_fontinalis	99.0	59
coi-blindspot	coirawkv	chordata_Salvelinus_fontinalis	99.5	589
coi-blindspot	coirawkv	chordata_Sander_vitreus	100.0	43
coi-blindspot	coirawkv	chordata_Sander_vitreus	99.5	4
coi-blindspot	coirawkv	chordata_Thymallus_arcticus	100.0	28
coi-blindspot	coirawkv	chordata_Thymallus_arcticus	99.5	2
coi-lowrelat	coirawkv	chordata_Acipenser_fulvescens	100.0	3095
coi-lowrelat	coirawkv	chordata_Acipenser_fulvescens	98.5	4
coi-lowrelat	coirawkv	chordata_Acipenser_fulvescens	99.0	51
coi-lowrelat	coirawkv	chordata_Acipenser_fulvescens	99.5	524
coi-lowrelat	coirawkv	chordata_Anguilla_anguilla	99.0	2
coi-lowrelat	coirawkv	chordata_Anguilla_rostrata	100.0	3064
coi-lowrelat	coirawkv	chordata_Anguilla_rostrata	97.0	1
coi-lowrelat	coirawkv	chordata_Anguilla_rostrata	97.5	2
coi-lowrelat	coirawkv	chordata_Anguilla_rostrata	98.5	5
coi-lowrelat	coirawkv	chordata_Anguilla_rostrata	99.0	54
coi-lowrelat	coirawkv	chordata_Anguilla_rostrata	99.5	559
coi-lowrelat	coirawkv	chordata_Carpiodes_carpio	99.5	2
coi-lowrelat	coirawkv	chordata_Carpiodes_cyprinus	99.5	1
coi-lowrelat	coirawkv	chordata_Carpiodes_velifer	99.0	2
coi-lowrelat	coirawkv	chordata_Carpiodes_velifer	99.5	4
coi-lowrelat	coirawkv	chordata_Cottus_beldingii	100.0	3051
coi-lowrelat	coirawkv	chordata_Cottus_beldingii	97.0	1
coi-lowrelat	coirawkv	chordata_Cottus_beldingii	98.0	1
coi-lowrelat	coirawkv	chordata_Cottus_beldingii	98.5	6
coi-lowrelat	coirawkv	chordata_Cottus_beldingii	99.0	54
coi-lowrelat	coirawkv	chordata_Cottus_beldingii	99.5	575
coi-lowrelat	coirawkv	chordata_Esox_lucius	100.0	3068
coi-lowrelat	coirawkv	chordata_Esox_lucius	98.5	4
coi-lowrelat	coirawkv	chordata_Esox_lucius	99.0	57
coi-lowrelat	coirawkv	chordata_Esox_lucius	99.5	561
coi-lowrelat	coirawkv	chordata_Gambusia_affinis	100.0	3141
coi-lowrelat	coirawkv	chordata_Gambusia_affinis	97.0	1
coi-lowrelat	coirawkv	chordata_Gambusia_affinis	97.5	1
coi-lowrelat	coirawkv	chordata_Gambusia_affinis	98.0	1
coi-lowrelat	coirawkv	chordata_Gambusia_affinis	98.5	3
coi-lowrelat	coirawkv	chordata_Gambusia_affinis	99.0	47
coi-lowrelat	coirawkv	chordata_Gambusia_affinis	99.5	495
coi-lowrelat	coirawkv	chordata_Gambusia_marshi	100.0	1
coi-lowrelat	coirawkv	chordata_Hiodon_tergisus	100.0	3088
coi-lowrelat	coirawkv	chordata_Hiodon_tergisus	97.0	1
coi-lowrelat	coirawkv	chordata_Hiodon_tergisus	98.0	1
coi-lowrelat	coirawkv	chordata_Hiodon_tergisus	98.5	3
coi-lowrelat	coirawkv	chordata_Hiodon_tergisus	99.0	61
coi-lowrelat	coirawkv	chordata_Hiodon_tergisus	99.5	537
coi-lowrelat	coirawkv	chordata_Lethenteron_camtschaticum	100.0	3069
coi-lowrelat	coirawkv	chordata_Lethenteron_camtschaticum	98.0	2
coi-lowrelat	coirawkv	chordata_Lethenteron_camtschaticum	98.5	4
coi-lowrelat	coirawkv	chordata_Lethenteron_camtschaticum	99.0	40
coi-lowrelat	coirawkv	chordata_Lethenteron_camtschaticum	99.5	572
coi-lowrelat	coirawkv	chordata_Lota_lota	100.0	3098
coi-lowrelat	coirawkv	chordata_Lota_lota	97.5	1
coi-lowrelat	coirawkv	chordata_Lota_lota	98.0	1
coi-lowrelat	coirawkv	chordata_Lota_lota	98.5	4
coi-lowrelat	coirawkv	chordata_Lota_lota	99.0	61
coi-lowrelat	coirawkv	chordata_Lota_lota	99.5	525
coi-lowrelat	coirawkv	chordata_Micropterus_salmoides	100.0	3044
coi-lowrelat	coirawkv	chordata_Micropterus_salmoides	98.0	1
coi-lowrelat	coirawkv	chordata_Micropterus_salmoides	98.5	2
coi-lowrelat	coirawkv	chordata_Micropterus_salmoides	99.0	60
coi-lowrelat	coirawkv	chordata_Micropterus_salmoides	99.5	584
coi-lowrelat	coirawkv	chordata_Noturus_flavus	100.0	3060
coi-lowrelat	coirawkv	chordata_Noturus_flavus	97.5	1
coi-lowrelat	coirawkv	chordata_Noturus_flavus	98.5	2
coi-lowrelat	coirawkv	chordata_Noturus_flavus	99.0	55
coi-lowrelat	coirawkv	chordata_Noturus_flavus	99.5	571
coi-lowrelat	coirawkv	chordata_Oncorhynchus_kisutch	100.0	1
coi-lowrelat	coirawkv	chordata_Oncorhynchus_kisutch	99.5	3
coi-lowrelat	coirawkv	chordata_Perca_flavescens	100.0	3076
coi-lowrelat	coirawkv	chordata_Perca_flavescens	97.5	1
coi-lowrelat	coirawkv	chordata_Perca_flavescens	98.5	2
coi-lowrelat	coirawkv	chordata_Perca_flavescens	99.0	50
coi-lowrelat	coirawkv	chordata_Perca_flavescens	99.4	1
coi-lowrelat	coirawkv	chordata_Perca_flavescens	99.5	557
coi-lowrelat	coirawkv	chordata_Percopsis_omiscomaycus	100.0	3045
coi-lowrelat	coirawkv	chordata_Percopsis_omiscomaycus	98.5	1
coi-lowrelat	coirawkv	chordata_Percopsis_omiscomaycus	99.0	60
coi-lowrelat	coirawkv	chordata_Percopsis_omiscomaycus	99.5	584
coi-lowrelat	coirawkv	chordata_Platygobio_gracilis	100.0	3036
coi-lowrelat	coirawkv	chordata_Platygobio_gracilis	98.0	1
coi-lowrelat	coirawkv	chordata_Platygobio_gracilis	98.5	4
coi-lowrelat	coirawkv	chordata_Platygobio_gracilis	99.0	55
coi-lowrelat	coirawkv	chordata_Platygobio_gracilis	99.5	594
coi-mix	coirawkv	chordata_Acipenser_fulvescens	100.0	585
coi-mix	coirawkv	chordata_Acipenser_fulvescens	99.0	11
coi-mix	coirawkv	chordata_Acipenser_fulvescens	99.5	112
coi-mix	coirawkv	chordata_Anguilla_rostrata	100.0	576
coi-mix	coirawkv	chordata_Anguilla_rostrata	99.0	18
coi-mix	coirawkv	chordata_Anguilla_rostrata	99.5	113
coi-mix	coirawkv	chordata_Carpiodes_velifer	99.0	1
coi-mix	coirawkv	chordata_Carpiodes_velifer	99.5	1
coi-mix	coirawkv	chordata_Catostomus_catostomus	100.0	589
coi-mix	coirawkv	chordata_Catostomus_catostomus	97.0	1
coi-mix	coirawkv	chordata_Catostomus_catostomus	99.0	12
coi-mix	coirawkv	chordata_Catostomus_catostomus	99.5	108
coi-mix	coirawkv	chordata_Catostomus_commersonii	100.0	598
coi-mix	coirawkv	chordata_Catostomus_commersonii	99.0	8
coi-mix	coirawkv	chordata_Catostomus_commersonii	99.5	103
coi-mix	coirawkv	chordata_Catostomus_platyrhynchus	100.0	603
coi-mix	coirawkv	chordata_Catostomus_platyrhynchus	98.8	1
coi-mix	coirawkv	chordata_Catostomus_platyrhynchus	99.0	6
coi-mix	coirawkv	chordata_Catostomus_platyrhynchus	99.4	2
coi-mix	coirawkv	chordata_Catostomus_platyrhynchus	99.5	97
coi-mix	coirawkv	chordata_Chrosomus_eos	100.0	585
coi-mix	coirawkv	chordata_Chrosomus_eos	98.5	1
coi-mix	coirawkv	chordata_Chrosomus_eos	99.0	10
coi-mix	coirawkv	chordata_Chrosomus_eos	99.5	114
coi-mix	coirawkv	chordata_Coregonus_sardinella	100.0	2
coi-mix	coirawkv	chordata_Cottus_bairdii	100.0	1
coi-mix	coirawkv	chordata_Cottus_beldingii	100.0	615
coi-mix	coirawkv	chordata_Cottus_beldingii	99.0	6
coi-mix	coirawkv	chordata_Cottus_beldingii	99.5	89
coi-mix	coirawkv	chordata_Cottus_rhotheus	100.0	1
coi-mix	coirawkv	chordata_Cottus_ricei	100.0	593
coi-mix	coirawkv	chordata_Cottus_ricei	99.0	10
coi-mix	coirawkv	chordata_Cottus_ricei	99.5	107
coi-mix	coirawkv	chordata_Couesius_plumbeus	100.0	610
coi-mix	coirawkv	chordata_Couesius_plumbeus	99.0	6
coi-mix	coirawkv	chordata_Couesius_plumbeus	99.4	1
coi-mix	coirawkv	chordata_Couesius_plumbeus	99.5	92
coi-mix	coirawkv	chordata_Culaea_inconstans	100.0	589
coi-mix	coirawkv	chordata_Culaea_inconstans	98.0	1
coi-mix	coirawkv	chordata_Culaea_inconstans	99.0	13
coi-mix	coirawkv	chordata_Culaea_inconstans	99.5	106
coi-mix	coirawkv	chordata_Esox_lucius	100.0	589
coi-mix	coirawkv	chordata_Esox_lucius	99.0	7
coi-mix	coirawkv	chordata_Esox_lucius	99.5	112
coi-mix	coirawkv	chordata_Etheostoma_exile	100.0	597
coi-mix	coirawkv	chordata_Etheostoma_exile	98.5	1
coi-mix	coirawkv	chordata_Etheostoma_exile	99.0	13
coi-mix	coirawkv	chordata_Etheostoma_exile	99.5	98
coi-mix	coirawkv	chordata_Gambusia_affinis	100.0	589
coi-mix	coirawkv	chordata_Gambusia_affinis	99.0	10
coi-mix	coirawkv	chordata_Gambusia_affinis	99.5	110
coi-mix	coirawkv	chordata_Gasterosteus_aculeatus	100.0	1
coi-mix	coirawkv	chordata_Gasterosteus_gymnurus	100.0	1
coi-mix	coirawkv	chordata_Hemichromis_bimaculatus	100.0	578
coi-mix	coirawkv	chordata_Hemichromis_bimaculatus	99.0	9
coi-mix	coirawkv	chordata_Hemichromis_bimaculatus	99.5	123
coi-mix	coirawkv	chordata_Hiodon_alosoides	100.0	586
coi-mix	coirawkv	chordata_Hiodon_alosoides	99.0	7
coi-mix	coirawkv	chordata_Hiodon_alosoides	99.5	117
coi-mix	coirawkv	chordata_Hiodon_tergisus	100.0	580
coi-mix	coirawkv	chordata_Hiodon_tergisus	98.5	2
coi-mix	coirawkv	chordata_Hiodon_tergisus	99.0	12
coi-mix	coirawkv	chordata_Hiodon_tergisus	99.5	115
coi-mix	coirawkv	chordata_Lepomis_gibbosus	100.0	590
coi-mix	coirawkv	chordata_Lepomis_gibbosus	99.0	8
coi-mix	coirawkv	chordata_Lepomis_gibbosus	99.5	111
coi-mix	coirawkv	chordata_Lethenteron_camtschaticum	100.0	578
coi-mix	coirawkv	chordata_Lethenteron_camtschaticum	98.5	1
coi-mix	coirawkv	chordata_Lethenteron_camtschaticum	99.0	12
coi-mix	coirawkv	chordata_Lethenteron_camtschaticum	99.5	118
coi-mix	coirawkv	chordata_Lota_lota	100.0	594
coi-mix	coirawkv	chordata_Lota_lota	98.5	1
coi-mix	coirawkv	chordata_Lota_lota	99.0	8
coi-mix	coirawkv	chordata_Lota_lota	99.5	106
coi-mix	coirawkv	chordata_Margariscus_margarita	100.0	591
coi-mix	coirawkv	chordata_Margariscus_margarita	99.0	12
coi-mix	coirawkv	chordata_Margariscus_margarita	99.5	106
coi-mix	coirawkv	chordata_Micropterus_dolomieu	100.0	582
coi-mix	coirawkv	chordata_Micropterus_dolomieu	99.0	17
coi-mix	coirawkv	chordata_Micropterus_dolomieu	99.5	106
coi-mix	coirawkv	chordata_Micropterus_salmoides	100.0	588
coi-mix	coirawkv	chordata_Micropterus_salmoides	98.5	1
coi-mix	coirawkv	chordata_Micropterus_salmoides	99.0	9
coi-mix	coirawkv	chordata_Micropterus_salmoides	99.5	111
coi-mix	coirawkv	chordata_Moxostoma_anisurum	100.0	610
coi-mix	coirawkv	chordata_Moxostoma_anisurum	98.5	1
coi-mix	coirawkv	chordata_Moxostoma_anisurum	99.0	10
coi-mix	coirawkv	chordata_Moxostoma_anisurum	99.5	86
coi-mix	coirawkv	chordata_Moxostoma_collapsum	100.0	3
coi-mix	coirawkv	chordata_Myoxocephalus_quadricornis	100.0	11
coi-mix	coirawkv	chordata_Myoxocephalus_quadricornis	99.0	1
coi-mix	coirawkv	chordata_Myoxocephalus_quadricornis	99.5	3
coi-mix	coirawkv	chordata_Notropis_atherinoides	100.0	599
coi-mix	coirawkv	chordata_Notropis_atherinoides	98.5	1
coi-mix	coirawkv	chordata_Notropis_atherinoides	99.0	12
coi-mix	coirawkv	chordata_Notropis_atherinoides	99.5	96
coi-mix	coirawkv	chordata_Notropis_blennius	100.0	585
coi-mix	coirawkv	chordata_Notropis_blennius	99.0	9
coi-mix	coirawkv	chordata_Notropis_blennius	99.5	116
coi-mix	coirawkv	chordata_Notropis_hudsonius	100.0	583
coi-mix	coirawkv	chordata_Notropis_hudsonius	97.0	1
coi-mix	coirawkv	chordata_Notropis_hudsonius	99.0	5
coi-mix	coirawkv	chordata_Notropis_hudsonius	99.5	121
coi-mix	coirawkv	chordata_Noturus_flavus	100.0	604
coi-mix	coirawkv	chordata_Noturus_flavus	98.5	1
coi-mix	coirawkv	chordata_Noturus_flavus	99.0	15
coi-mix	coirawkv	chordata_Noturus_flavus	99.5	90
coi-mix	coirawkv	chordata_Oncorhynchus_gilae	99.5	2
coi-mix	coirawkv	chordata_Oncorhynchus_mykiss	100.0	591
coi-mix	coirawkv	chordata_Oncorhynchus_mykiss	98.0	1
coi-mix	coirawkv	chordata_Oncorhynchus_mykiss	98.5	14
coi-mix	coirawkv	chordata_Oncorhynchus_mykiss	99.0	117
coi-mix	coirawkv	chordata_Oncorhynchus_mykiss	99.5	690
coi-mix	coirawkv	chordata_Oncorhynchus_nerka	100.0	576
coi-mix	coirawkv	chordata_Oncorhynchus_nerka	98.5	3
coi-mix	coirawkv	chordata_Oncorhynchus_nerka	99.0	15
coi-mix	coirawkv	chordata_Oncorhynchus_nerka	99.5	115
coi-mix	coirawkv	chordata_Perca_flavescens	100.0	597
coi-mix	coirawkv	chordata_Perca_flavescens	99.0	8
coi-mix	coirawkv	chordata_Perca_flavescens	99.5	105
coi-mix	coirawkv	chordata_Percina_austroperca	99.5	2
coi-mix	coirawkv	chordata_Percina_caprodes	100.0	1
coi-mix	coirawkv	chordata_Percopsis_omiscomaycus	100.0	594
coi-mix	coirawkv	chordata_Percopsis_omiscomaycus	99.0	11
coi-mix	coirawkv	chordata_Percopsis_omiscomaycus	99.5	105
coi-mix	coirawkv	chordata_Pimephales_promelas	100.0	603
coi-mix	coirawkv	chordata_Pimephales_promelas	99.0	6
coi-mix	coirawkv	chordata_Pimephales_promelas	99.5	100
coi-mix	coirawkv	chordata_Platygobio_gracilis	100.0	572
coi-mix	coirawkv	chordata_Platygobio_gracilis	97.5	1
coi-mix	coirawkv	chordata_Platygobio_gracilis	99.0	8
coi-mix	coirawkv	chordata_Platygobio_gracilis	99.5	128
coi-mix	coirawkv	chordata_Poecilia_latipinna	100.0	586
coi-mix	coirawkv	chordata_Poecilia_latipinna	99.0	10
coi-mix	coirawkv	chordata_Poecilia_latipinna	99.5	112
coi-mix	coirawkv	chordata_Prosopium_coulterii	100.0	614
coi-mix	coirawkv	chordata_Prosopium_coulterii	97.0	1
coi-mix	coirawkv	chordata_Prosopium_coulterii	99.0	5
coi-mix	coirawkv	chordata_Prosopium_coulterii	99.4	3
coi-mix	coirawkv	chordata_Prosopium_coulterii	99.5	87
coi-mix	coirawkv	chordata_Prosopium_cylindraceum	100.0	568
coi-mix	coirawkv	chordata_Prosopium_cylindraceum	98.5	1
coi-mix	coirawkv	chordata_Prosopium_cylindraceum	99.0	8
coi-mix	coirawkv	chordata_Prosopium_cylindraceum	99.5	133
coi-mix	coirawkv	chordata_Prosopium_spilonotus	99.5	1
coi-mix	coirawkv	chordata_Prosopium_williamsoni	100.0	595
coi-mix	coirawkv	chordata_Prosopium_williamsoni	99.0	14
coi-mix	coirawkv	chordata_Prosopium_williamsoni	99.5	98
coi-mix	coirawkv	chordata_Ptychocheilus_oregonensis	100.0	4
coi-mix	coirawkv	chordata_Pungitius_pungitius	100.0	594
coi-mix	coirawkv	chordata_Pungitius_pungitius	99.0	13
coi-mix	coirawkv	chordata_Pungitius_pungitius	99.5	102
coi-mix	coirawkv	chordata_Rhinichthys_cataractae	100.0	1
coi-mix	coirawkv	chordata_Richardsonius_balteatus	100.0	602
coi-mix	coirawkv	chordata_Richardsonius_balteatus	99.0	5
coi-mix	coirawkv	chordata_Richardsonius_balteatus	99.5	101
coi-mix	coirawkv	chordata_Salmo_salar	100.0	594
coi-mix	coirawkv	chordata_Salmo_salar	99.0	13
coi-mix	coirawkv	chordata_Salmo_salar	99.5	103
coi-mix	coirawkv	chordata_Salmo_trutta	100.0	2
coi-mix	coirawkv	chordata_Salmo_trutta	99.0	1
coi-mix	coirawkv	chordata_Salmo_trutta	99.5	2
coi-mix	coirawkv	chordata_Salvelinus_alpinus	100.0	1
coi-mix	coirawkv	chordata_Salvelinus_fontinalis	100.0	587
coi-mix	coirawkv	chordata_Salvelinus_fontinalis	98.5	2
coi-mix	coirawkv	chordata_Salvelinus_fontinalis	99.0	10
coi-mix	coirawkv	chordata_Salvelinus_fontinalis	99.5	109
coi-mix	coirawkv	chordata_Salvelinus_malma	100.0	593
coi-mix	coirawkv	chordata_Salvelinus_malma	98.5	2
coi-mix	coirawkv	chordata_Salvelinus_malma	99.0	6
coi-mix	coirawkv	chordata_Salvelinus_malma	99.5	110
coi-mix	coirawkv	chordata_Salvelinus_namaycush	100.0	564
coi-mix	coirawkv	chordata_Salvelinus_namaycush	99.0	8
coi-mix	coirawkv	chordata_Salvelinus_namaycush	99.5	138
coi-mix	coirawkv	chordata_Sander_canadensis	100.0	587
coi-mix	coirawkv	chordata_Sander_canadensis	99.0	17
coi-mix	coirawkv	chordata_Sander_canadensis	99.5	106
coi-mix	coirawkv	chordata_Sander_vitreus	100.0	9
coi-mix	coirawkv	chordata_Thymallus_arcticus	100.0	5
coi-mix	coirawkv	chordata_Thymallus_arcticus	99.5	3
coi-richlowevenlow	coirawkv	chordata_Culaea_inconstans	100.0	4185
coi-richlowevenlow	coirawkv	chordata_Culaea_inconstans	97.0	1
coi-richlowevenlow	coirawkv	chordata_Culaea_inconstans	98.5	1
coi-richlowevenlow	coirawkv	chordata_Culaea_inconstans	99.0	17
coi-richlowevenlow	coirawkv	chordata_Culaea_inconstans	99.5	289
coi-richlowevenlow	coirawkv	chordata_Lota_lota	100.0	4820
coi-richlowevenlow	coirawkv	chordata_Lota_lota	98.5	1
coi-richlowevenlow	coirawkv	chordata_Lota_lota	99.0	19
coi-richlowevenlow	coirawkv	chordata_Lota_lota	99.5	350
coi-richlowevenlow	coirawkv	chordata_Oncorhynchus_gilae	100.0	2
coi-richlowevenlow	coirawkv	chordata_Oncorhynchus_gilae	99.5	1
coi-richlowevenlow	coirawkv	chordata_Oncorhynchus_mykiss	100.0	5492
coi-richlowevenlow	coirawkv	chordata_Oncorhynchus_mykiss	98.5	3
coi-richlowevenlow	coirawkv	chordata_Oncorhynchus_mykiss	99.0	24
coi-richlowevenlow	coirawkv	chordata_Oncorhynchus_mykiss	99.5	353
coi-richlowevenlow	coirawkv	chordata_Perca_flavescens	100.0	1611
coi-richlowevenlow	coirawkv	chordata_Perca_flavescens	98.9	1
coi-richlowevenlow	coirawkv	chordata_Perca_flavescens	99.0	4
coi-richlowevenlow	coirawkv	chordata_Perca_flavescens	99.4	1
coi-richlowevenlow	coirawkv	chordata_Perca_flavescens	99.5	110
coi-richlowevenlow	coirawkv	chordata_Prosopium_williamsoni	100.0	324
coi-richlowevenlow	coirawkv	chordata_Prosopium_williamsoni	97.9	1
coi-richlowevenlow	coirawkv	chordata_Prosopium_williamsoni	98.5	2
coi-richlowevenlow	coirawkv	chordata_Prosopium_williamsoni	99.0	1
coi-richlowevenlow	coirawkv	chordata_Prosopium_williamsoni	99.5	18
coi-richlowevenlow	coirawkv	chordata_Salvelinus_fontinalis	100.0	6118
coi-richlowevenlow	coirawkv	chordata_Salvelinus_fontinalis	98.5	2
coi-richlowevenlow	coirawkv	chordata_Salvelinus_fontinalis	99.0	33
coi-richlowevenlow	coirawkv	chordata_Salvelinus_fontinalis	99.5	418
coi-richlowevenlow	coirawkv	chordata_Thymallus_arcticus	100.0	9
coi-richlowevenplus	coirawkv	chordata_Coregonus_albula	100.0	2
coi-richlowevenplus	coirawkv	chordata_Coregonus_sardinella	100.0	3
coi-richlowevenplus	coirawkv	chordata_Coregonus_ussuriensis	100.0	4
coi-richlowevenplus	coirawkv	chordata_Coregonus_ussuriensis	99.5	1
coi-richlowevenplus	coirawkv	chordata_Culaea_inconstans	100.0	3238
coi-richlowevenplus	coirawkv	chordata_Culaea_inconstans	99.0	17
coi-richlowevenplus	coirawkv	chordata_Culaea_inconstans	99.5	203
coi-richlowevenplus	coirawkv	chordata_Lota_lota	100.0	3218
coi-richlowevenplus	coirawkv	chordata_Lota_lota	98.5	1
coi-richlowevenplus	coirawkv	chordata_Lota_lota	99.0	9
coi-richlowevenplus	coirawkv	chordata_Lota_lota	99.5	229
coi-richlowevenplus	coirawkv	chordata_Oncorhynchus_gilae	100.0	2
coi-richlowevenplus	coirawkv	chordata_Oncorhynchus_mykiss	100.0	3185
coi-richlowevenplus	coirawkv	chordata_Oncorhynchus_mykiss	98.5	1
coi-richlowevenplus	coirawkv	chordata_Oncorhynchus_mykiss	99.0	17
coi-richlowevenplus	coirawkv	chordata_Oncorhynchus_mykiss	99.5	244
coi-richlowevenplus	coirawkv	chordata_Perca_flavescens	100.0	3235
coi-richlowevenplus	coirawkv	chordata_Perca_flavescens	98.5	2
coi-richlowevenplus	coirawkv	chordata_Perca_flavescens	98.9	1
coi-richlowevenplus	coirawkv	chordata_Perca_flavescens	99.0	8
coi-richlowevenplus	coirawkv	chordata_Perca_flavescens	99.4	1
coi-richlowevenplus	coirawkv	chordata_Perca_flavescens	99.5	209
coi-richlowevenplus	coirawkv	chordata_Prosopium_williamsoni	100.0	3206
coi-richlowevenplus	coirawkv	chordata_Prosopium_williamsoni	98.5	2
coi-richlowevenplus	coirawkv	chordata_Prosopium_williamsoni	99.0	10
coi-richlowevenplus	coirawkv	chordata_Prosopium_williamsoni	99.5	233
coi-richlowevenplus	coirawkv	chordata_Salvelinus_fontinalis	100.0	3184
coi-richlowevenplus	coirawkv	chordata_Salvelinus_fontinalis	98.5	2
coi-richlowevenplus	coirawkv	chordata_Salvelinus_fontinalis	99.0	21
coi-richlowevenplus	coirawkv	chordata_Salvelinus_fontinalis	99.4	1
coi-richlowevenplus	coirawkv	chordata_Salvelinus_fontinalis	99.5	253
coi-richlowevenplus	coirawkv	chordata_Thymallus_arcticus	100.0	12
coi-richlowevenplus	coirawkv	chordata_Thymallus_arcticus	99.5	2
coi-richplusevenlow	coirawkv	chordata_Catostomus_catostomus	100.0	489
coi-richplusevenlow	coirawkv	chordata_Catostomus_catostomus	99.0	1
coi-richplusevenlow	coirawkv	chordata_Catostomus_catostomus	99.5	29
coi-richplusevenlow	coirawkv	chordata_Coregonus_albula	100.0	2
coi-richplusevenlow	coirawkv	chordata_Coregonus_sardinella	100.0	2
coi-richplusevenlow	coirawkv	chordata_Couesius_plumbeus	100.0	979
coi-richplusevenlow	coirawkv	chordata_Couesius_plumbeus	98.5	2
coi-richplusevenlow	coirawkv	chordata_Couesius_plumbeus	99.0	4
coi-richplusevenlow	coirawkv	chordata_Couesius_plumbeus	99.4	1
coi-richplusevenlow	coirawkv	chordata_Couesius_plumbeus	99.5	46
coi-richplusevenlow	coirawkv	chordata_Culaea_inconstans	100.0	2547
coi-richplusevenlow	coirawkv	chordata_Culaea_inconstans	99.0	10
coi-richplusevenlow	coirawkv	chordata_Culaea_inconstans	99.5	205
coi-richplusevenlow	coirawkv	chordata_Lota_lota	100.0	2695
coi-richplusevenlow	coirawkv	chordata_Lota_lota	99.0	27
coi-richplusevenlow	coirawkv	chordata_Lota_lota	99.5	218
coi-richplusevenlow	coirawkv	chordata_Oncorhynchus_gilae	100.0	1
coi-richplusevenlow	coirawkv	chordata_Oncorhynchus_gilae	99.5	1
coi-richplusevenlow	coirawkv	chordata_Oncorhynchus_mykiss	100.0	2886
coi-richplusevenlow	coirawkv	chordata_Oncorhynchus_mykiss	99.0	19
coi-richplusevenlow	coirawkv	chordata_Oncorhynchus_mykiss	99.5	200
coi-richplusevenlow	coirawkv	chordata_Perca_flavescens	100.0	2242
coi-richplusevenlow	coirawkv	chordata_Perca_flavescens	98.5	1
coi-richplusevenlow	coirawkv	chordata_Perca_flavescens	99.0	10
coi-richplusevenlow	coirawkv	chordata_Perca_flavescens	99.5	165
coi-richplusevenlow	coirawkv	chordata_Percopsis_omiscomaycus	100.0	326
coi-richplusevenlow	coirawkv	chordata_Percopsis_omiscomaycus	99.0	1
coi-richplusevenlow	coirawkv	chordata_Percopsis_omiscomaycus	99.5	18
coi-richplusevenlow	coirawkv	chordata_Platygobio_gracilis	100.0	795
coi-richplusevenlow	coirawkv	chordata_Platygobio_gracilis	99.0	3
coi-richplusevenlow	coirawkv	chordata_Platygobio_gracilis	99.5	63
coi-richplusevenlow	coirawkv	chordata_Prosopium_spilonotus	99.5	1
coi-richplusevenlow	coirawkv	chordata_Prosopium_williamsoni	100.0	1918
coi-richplusevenlow	coirawkv	chordata_Prosopium_williamsoni	98.5	1
coi-richplusevenlow	coirawkv	chordata_Prosopium_williamsoni	99.0	9
coi-richplusevenlow	coirawkv	chordata_Prosopium_williamsoni	99.5	146
coi-richplusevenlow	coirawkv	chordata_Proterorhinus_marmoratus	100.0	1
coi-richplusevenlow	coirawkv	chordata_Salmo_trutta	100.0	4
coi-richplusevenlow	coirawkv	chordata_Salvelinus_fontinalis	100.0	3038
coi-richplusevenlow	coirawkv	chordata_Salvelinus_fontinalis	98.5	1
coi-richplusevenlow	coirawkv	chordata_Salvelinus_fontinalis	99.0	11
coi-richplusevenlow	coirawkv	chordata_Salvelinus_fontinalis	99.4	1
coi-richplusevenlow	coirawkv	chordata_Salvelinus_fontinalis	99.5	229
coi-richplusevenlow	coirawkv	chordata_Sander_vitreus	100.0	4
coi-richplusevenlow	coirawkv	chordata_Sander_vitreus	99.5	2
coi-richplusevenlow	coirawkv	chordata_Thymallus_arcticus	100.0	15
coi-richplusevenlow	coirawkv	chordata_Thymallus_arcticus	99.5	1
coi-richplusevenplus	coirawkv	chordata_Catostomus_catostomus	100.0	1609
coi-richplusevenplus	coirawkv	chordata_Catostomus_catostomus	98.5	1
coi-richplusevenplus	coirawkv	chordata_Catostomus_catostomus	99.0	6
coi-richplusevenplus	coirawkv	chordata_Catostomus_catostomus	99.5	110
coi-richplusevenplus	coirawkv	chordata_Coregonus_nigripinnis	100.0	1
coi-richplusevenplus	coirawkv	chordata_Coregonus_sardinella	100.0	1
coi-richplusevenplus	coirawkv	chordata_Coregonus_sardinella	99.5	1
coi-richplusevenplus	coirawkv	chordata_Couesius_plumbeus	100.0	1641
coi-richplusevenplus	coirawkv	chordata_Couesius_plumbeus	99.0	5
coi-richplusevenplus	coirawkv	chordata_Couesius_plumbeus	99.3	1
coi-richplusevenplus	coirawkv	chordata_Couesius_plumbeus	99.5	81
coi-richplusevenplus	coirawkv	chordata_Culaea_inconstans	100.0	1612
coi-richplusevenplus	coirawkv	chordata_Culaea_inconstans	99.0	6
coi-richplusevenplus	coirawkv	chordata_Culaea_inconstans	99.5	112
coi-richplusevenplus	coirawkv	chordata_Lota_lota	100.0	1581
coi-richplusevenplus	coirawkv	chordata_Lota_lota	98.5	2
coi-richplusevenplus	coirawkv	chordata_Lota_lota	99.0	10
coi-richplusevenplus	coirawkv	chordata_Lota_lota	99.5	134
coi-richplusevenplus	coirawkv	chordata_Oncorhynchus_mykiss	100.0	1612
coi-richplusevenplus	coirawkv	chordata_Oncorhynchus_mykiss	99.0	7
coi-richplusevenplus	coirawkv	chordata_Oncorhynchus_mykiss	99.5	111
coi-richplusevenplus	coirawkv	chordata_Perca_flavescens	100.0	1616
coi-richplusevenplus	coirawkv	chordata_Perca_flavescens	98.5	3
coi-richplusevenplus	coirawkv	chordata_Perca_flavescens	99.0	8
coi-richplusevenplus	coirawkv	chordata_Perca_flavescens	99.5	100
coi-richplusevenplus	coirawkv	chordata_Percopsis_omiscomaycus	100.0	1608
coi-richplusevenplus	coirawkv	chordata_Percopsis_omiscomaycus	98.5	1
coi-richplusevenplus	coirawkv	chordata_Percopsis_omiscomaycus	99.0	4
coi-richplusevenplus	coirawkv	chordata_Percopsis_omiscomaycus	99.5	117
coi-richplusevenplus	coirawkv	chordata_Platygobio_gracilis	100.0	1594
coi-richplusevenplus	coirawkv	chordata_Platygobio_gracilis	98.5	3
coi-richplusevenplus	coirawkv	chordata_Platygobio_gracilis	99.0	7
coi-richplusevenplus	coirawkv	chordata_Platygobio_gracilis	99.5	122
coi-richplusevenplus	coirawkv	chordata_Prosopium_williamsoni	100.0	1595
coi-richplusevenplus	coirawkv	chordata_Prosopium_williamsoni	98.5	1
coi-richplusevenplus	coirawkv	chordata_Prosopium_williamsoni	99.0	7
coi-richplusevenplus	coirawkv	chordata_Prosopium_williamsoni	99.5	121
coi-richplusevenplus	coirawkv	chordata_Salmo_trutta	100.0	6
coi-richplusevenplus	coirawkv	chordata_Salvelinus_fontinalis	100.0	1588
coi-richplusevenplus	coirawkv	chordata_Salvelinus_fontinalis	99.0	9
coi-richplusevenplus	coirawkv	chordata_Salvelinus_fontinalis	99.5	129
coi-richplusevenplus	coirawkv	chordata_Sander_vitreus	100.0	11
coi-richplusevenplus	coirawkv	chordata_Thymallus_arcticus	100.0	5
coi-richplusevenplus	coirawkv	chordata_Thymallus_arcticus	99.5	1
